buffer,avg_accuracy
buf100,16.656
buf200,16.496000000000002
buf500,15.807999999999998
